{
	"type": "ItemTurret",
	"name": "God Duo",
	"description": "This is not cheating... it's just a god turret...",
	"health": 20000,
	"size": 1,
"shots":500,
	"reload": 200,
	"range": 600,
	"ammoUseEffect": "shellEjectSmall",
	"inaccuracy": 360,
	"rotatespeed": 12,
	"ammo": { 
		"meem": {
			"speed": 3.0,
			"lifetime":500,
"damage": 15,
   "splashDamage":75,
    "splashDamageRadius":100,
			"bulletWidth": 15,
			"bulletHeight": 15,
			"shootEffect": "shootSmall",
			"smokeEffect": "shootSmallSmoke",
			"ammoMultiplier": 1
		}
	},
	"requirements": [
		{ "item": "saas", "amount": 100 },
		{ "item": "legendary-item", "amount": 5 }
	],
	"category": "turret",
	"research": "legendary-mixer"
}
