{"category":"crafting","consumes":{"items":{"items":[{"amount":3,"item":"silicon"},{"amount":"2","item":"thorium"}]},"liquid":{"amount":0.05,"liquid":"oil"},"power":0.7},"craftTime":60,"description":"thorium silicon and oil are formed together to a dark material.","hasItems":true,"hasLiquids":true,"hasPower":true,"idleSound":"respawning","idleSound":"respawning","idleSoundVolume":0.5,"idleSoundVolume":0.05,"liquid capacity":25,"name":"Magical Mixer","outputItem":{"amount":1,"item":"dark-item"},"requirements":[{"amount":100,"item":"phase-fabric"},{"amount":100,"item":"thorium"},{"amount":2000,"item":"silicon"}],"research":"noice-creator","size":2,"type":"GenericSmelter","updateEffect":"smeltsmoke"}
