{"category":"crafting","consumes":{"items":{"items":[{"amount":5,"item":"sand"},{"amount":"1","item":"plastanium"}]},"liquid":{"amount":0.05,"liquid":"cryofluid"},"power":0.7},"craftTime":60,"description":"Combines plastanium and sand with cryofluid to produce saas.","hasItems":true,"hasLiquids":true,"hasPower":true,"idleSound":"respawning","idleSound":"respawning","idleSoundVolume":0.5,"idleSoundVolume":0.05,"liquidCapacity":25,"name":"Meem Maker","outputItem":{"amount":1,"item":"meem"},"requirements":[{"amount":50,"item":"lead"},{"amount":20,"item":"phase-fabric"},{"amount":60,"item":"metaglass"},{"amount":250,"item":"saas"}],"research":"saas-maker","size":2,"type":"GenericSmelter","updateEffect":"smeltsmoke"}
