{"category":"crafting","consumes":{"items":{"items":[{"amount":5,"item":"lead"},{"amount":"5","item":"copper"}]},"liquid":{"amount":0.05,"liquid":"water"},"power":0.7},"craftTime":100,"description":"i can give you scrap if you want","hasItems":true,"hasLiquids":true,"hasPower":true,"idleSound":"respawning","idleSound":"respawning","idleSoundVolume":0.5,"idleSoundVolume":0.05,"liquid capacity":25,"name":"Scrapper","outputItem":{"amount":5,"item":"scrap"},"requirements":[{"amount":30,"item":"graphite"},{"amount":250,"item":"lead"},{"amount":100,"item":"silicon"}],"research":"separator","size":3,"type":"GenericSmelter","updateEffect":"smeltsmoke"}
